company_name,count
Robert Half,79
Insight Global,61
Harnham,58
Upwork,47
Citi,41
Bosch Group,36
Capital One,36
CyberCoders,32
Publicis Groupe,30
TikTok,29
Booz Allen Hamilton,28
CVS Health,24
Kforce Technology Staffing,19
Apex Systems,19
UnitedHealth Group,17
Visa,17
CareerBuilder-US,16
Peraton,15
Jobot,15
Amazon.com Services LLC,14
Motion Recruitment,13
Northrop Grumman,13
"Citigroup, Inc",10
Standard Bank Group,10
ServiceNow,10
USAA,10
Roblox,10
"Acadia Technologies, Inc.",10
Leidos,9
Intelletec,9
Lawrence Harvey,9
SGS,8
National Grid (UK),8
Brooksource,8
IBM,8
Swoon,7
TIAA,7
Michael Page International Inc,7
Sia Partners,7
SAIC,7
NATIONAL GRID CO USA (NE POWER),7
Aston Carter,7
American Express,7
Experian,6
Natixis in Portugal,6
Vattenfall,6
Verisk,6
FocusKPI Inc.,6
Cox Communications,6
Noblis,6
